PassengerId,Survived,Pclass,Sex,Age,SibSp,Parch,Fare,Embarked,Title,Relacionados
1,0,3,0,22.0,1,0,0,0,0,1
2,1,1,1,38.0,1,0,1,1,2,1
3,1,3,1,26.0,0,0,0,0,1,0
4,1,1,1,35.0,1,0,1,0,2,1
5,0,3,0,35.0,0,0,0,0,0,0
6,0,3,0,32.0,0,0,0,2,0,0
7,0,1,0,54.0,0,0,1,0,0,0
8,0,3,0,2.0,3,1,0,0,3,1
9,1,3,1,27.0,0,2,0,0,2,1
10,1,2,1,14.0,1,0,0,1,2,1
11,1,3,1,4.0,1,1,0,0,1,1
12,1,1,1,58.0,0,0,0,0,1,0
13,0,3,0,20.0,0,0,0,0,0,0
14,0,3,0,39.0,1,5,0,0,0,1
15,0,3,1,14.0,0,0,0,0,1,0
16,1,2,1,55.0,0,0,0,0,2,0
17,0,3,0,2.0,4,1,0,2,3,1
18,1,2,0,32.0,0,0,0,0,0,0
19,0,3,1,31.0,1,0,0,0,2,1
20,1,3,1,36.0,0,0,0,1,2,0
21,0,2,0,35.0,0,0,0,0,0,1
22,1,2,0,34.0,0,0,0,0,0,0
23,1,3,1,15.0,0,0,0,2,1,0
24,1,1,0,28.0,0,0,0,0,0,0
25,0,3,1,8.0,3,1,0,0,1,1
26,1,3,1,38.0,1,5,0,0,2,1
27,0,3,0,32.0,0,0,0,1,0,0
28,0,1,0,19.0,3,2,1,0,0,1
29,1,3,1,22.0,0,0,0,2,1,0
30,0,3,0,32.0,0,0,0,0,0,0
31,0,1,0,40.0,0,0,0,1,4,0
32,1,1,1,36.0,1,0,1,1,2,1
33,1,3,1,22.0,0,0,0,2,1,0
34,0,2,0,66.0,0,0,0,0,0,0
35,0,1,0,28.0,1,0,1,1,0,1
36,0,1,0,42.0,1,0,1,0,0,1
37,1,3,0,32.0,0,0,0,1,0,0
38,0,3,0,21.0,0,0,0,0,0,0
39,0,3,1,18.0,2,0,0,0,1,1
40,1,3,1,14.0,1,0,0,1,1,1
41,0,3,1,40.0,1,0,0,0,2,1
42,0,2,1,27.0,1,0,0,0,2,1
43,0,3,0,32.0,0,0,0,1,0,0
44,1,2,1,3.0,1,2,0,1,1,1
45,1,3,1,19.0,0,0,0,2,1,0
46,0,3,0,32.0,0,0,0,0,0,0
47,0,3,0,32.0,1,0,0,2,0,1
48,1,3,1,22.0,0,0,0,2,1,0
49,0,3,0,32.0,2,0,0,1,0,1
50,0,3,1,18.0,1,0,0,0,2,1
51,0,3,0,7.0,4,1,0,0,3,1
52,0,3,0,21.0,0,0,0,0,0,0
53,1,1,1,49.0,1,0,1,1,2,1
54,1,2,1,29.0,1,0,0,0,2,1
55,0,1,0,65.0,0,1,1,1,0,1
56,1,1,0,32.0,0,0,0,0,0,0
57,1,2,1,21.0,0,0,0,0,1,0
58,0,3,0,28.0,0,0,0,1,0,0
59,1,2,1,5.0,1,2,0,0,1,1
60,0,3,0,11.0,5,2,0,0,3,1
61,0,3,0,22.0,0,0,0,1,0,0
63,0,1,0,45.0,1,0,1,0,0,1
64,0,3,0,4.0,3,2,0,0,3,1
65,0,1,0,32.0,0,0,0,1,0,0
66,1,3,0,5.0,1,1,0,1,3,1
67,1,2,1,29.0,0,0,0,0,2,0
68,0,3,0,19.0,0,0,0,0,0,0
69,1,3,1,17.0,4,2,0,0,1,1
70,0,3,0,26.0,2,0,0,0,0,1
71,0,2,0,32.0,0,0,0,0,0,0
72,0,3,1,16.0,5,2,0,0,1,1
73,0,2,0,21.0,0,0,1,0,0,1
74,0,3,0,26.0,1,0,0,1,0,1
75,1,3,0,32.0,0,0,1,0,0,1
76,0,3,0,25.0,0,0,0,0,0,0
77,0,3,0,32.0,0,0,0,0,0,0
78,0,3,0,32.0,0,0,0,0,0,0
79,1,2,0,1.0,0,2,0,0,3,1
80,1,3,1,30.0,0,0,0,0,1,1
81,0,3,0,22.0,0,0,0,0,0,0
82,1,3,0,29.0,0,0,0,0,0,0
83,1,3,1,22.0,0,0,0,2,1,0
84,0,1,0,28.0,0,0,0,0,0,0
85,1,2,1,17.0,0,0,0,0,1,0
86,1,3,1,33.0,3,0,0,0,2,1
87,0,3,0,16.0,1,3,0,0,0,1
88,0,3,0,32.0,0,0,0,0,0,0
89,1,1,1,23.0,3,2,1,0,1,1
90,0,3,0,24.0,0,0,0,0,0,0
91,0,3,0,29.0,0,0,0,0,0,0
92,0,3,0,20.0,0,0,0,0,0,0
93,0,1,0,46.0,1,0,1,0,0,1
94,0,3,0,26.0,1,2,0,0,0,1
95,0,3,0,59.0,0,0,0,0,0,0
96,0,3,0,32.0,0,0,0,0,0,0
97,0,1,0,71.0,0,0,0,1,0,0
98,1,1,0,23.0,0,1,1,1,0,1
99,1,2,1,34.0,0,1,0,0,2,1
100,0,2,0,34.0,1,0,0,0,0,1
101,0,3,1,28.0,0,0,0,0,1,0
102,0,3,0,32.0,0,0,0,0,0,0
103,0,1,0,21.0,0,1,1,0,0,1
104,0,3,0,33.0,0,0,0,0,0,0
105,0,3,0,37.0,2,0,0,0,0,1
106,0,3,0,28.0,0,0,0,0,0,0
107,1,3,1,21.0,0,0,0,0,1,0
108,1,3,0,32.0,0,0,0,0,0,0
109,0,3,0,38.0,0,0,0,0,0,0
110,1,3,1,22.0,1,0,0,2,1,1
111,0,1,0,47.0,0,0,1,0,0,1
112,0,3,1,14.0,1,0,0,1,1,1
113,0,3,0,22.0,0,0,0,0,0,0
114,0,3,1,20.0,1,0,0,0,1,1
115,0,3,1,17.0,0,0,0,1,1,1
116,0,3,0,21.0,0,0,0,0,0,0
117,0,3,0,70.0,0,0,0,2,0,0
118,0,2,0,29.0,1,0,0,0,0,1
119,0,1,0,24.0,0,1,1,1,0,1
120,0,3,1,2.0,4,2,0,0,1,1
121,0,2,0,21.0,2,0,1,0,0,1
122,0,3,0,32.0,0,0,0,0,0,0
123,0,2,0,32.0,1,0,0,1,0,1
124,1,2,1,32.0,0,0,0,0,1,0
125,0,1,0,54.0,0,1,1,0,0,1
126,1,3,0,12.0,1,0,0,1,3,1
127,0,3,0,32.0,0,0,0,2,0,0
128,1,3,0,24.0,0,0,0,0,0,0
129,1,3,1,22.0,1,1,0,1,1,1
130,0,3,0,45.0,0,0,0,0,0,0
131,0,3,0,33.0,0,0,0,1,0,0
132,0,3,0,20.0,0,0,0,0,0,0
133,0,3,1,47.0,1,0,0,0,2,1
134,1,2,1,29.0,1,0,0,0,2,1
135,0,2,0,25.0,0,0,0,0,0,0
136,0,2,0,23.0,0,0,0,1,0,0
137,1,1,1,19.0,0,2,0,0,1,1
138,0,1,0,37.0,1,0,1,0,0,1
139,0,3,0,16.0,0,0,0,0,0,1
140,0,1,0,24.0,0,0,1,1,0,1
141,0,3,1,36.0,0,2,0,1,2,1
142,1,3,1,22.0,0,0,0,0,1,0
143,1,3,1,24.0,1,0,0,0,2,1
144,0,3,0,19.0,0,0,0,2,0,0
145,0,2,0,18.0,0,0,0,0,0,0
146,0,2,0,19.0,1,1,0,0,0,1
147,1,3,0,27.0,0,0,0,0,0,0
148,0,3,1,9.0,2,2,0,0,1,1
149,0,2,0,36.0,0,2,0,0,0,1
150,0,2,0,42.0,0,0,0,0,4,0
151,0,2,0,51.0,0,0,0,0,4,0
152,1,1,1,22.0,1,0,1,0,2,1
153,0,3,0,56.0,0,0,0,0,0,0
154,0,3,0,40.0,0,2,0,0,0,1
155,0,3,0,32.0,0,0,0,0,0,0
156,0,1,0,51.0,0,1,1,1,0,1
157,1,3,1,16.0,0,0,0,2,1,0
158,0,3,0,30.0,0,0,0,0,0,0
159,0,3,0,32.0,0,0,0,0,0,0
160,0,3,0,5.0,8,2,1,0,3,1
161,0,3,0,44.0,0,1,0,0,0,1
162,1,2,1,40.0,0,0,0,0,2,0
163,0,3,0,26.0,0,0,0,0,0,0
164,0,3,0,17.0,0,0,0,0,0,0
165,0,3,0,1.0,4,1,0,0,3,1
166,1,3,0,9.0,0,2,0,0,3,1
167,1,1,1,36.0,0,1,1,0,2,1
168,0,3,1,45.0,1,4,0,0,2,1
169,0,1,0,32.0,0,0,0,0,0,0
170,0,3,0,28.0,0,0,1,0,0,1
171,0,1,0,61.0,0,0,0,0,0,0
172,0,3,0,4.0,4,1,0,2,3,1
173,1,3,1,1.0,1,1,0,0,1,1
174,0,3,0,21.0,0,0,0,0,0,0
175,0,1,0,56.0,0,0,0,1,0,0
176,0,3,0,18.0,1,1,0,0,0,1
177,0,3,0,5.0,3,1,0,0,3,1
178,0,1,1,50.0,0,0,0,1,1,0
179,0,2,0,30.0,0,0,0,0,0,0
180,0,3,0,36.0,0,0,0,0,0,1
181,0,3,1,22.0,8,2,1,0,1,1
182,0,2,0,32.0,0,0,0,1,0,0
183,0,3,0,9.0,4,2,0,0,3,1
184,1,2,0,1.0,2,1,0,0,3,1
185,1,3,1,4.0,0,2,0,0,1,1
186,0,1,0,32.0,0,0,1,0,0,0
187,1,3,1,36.0,1,0,0,2,2,1
188,1,1,0,45.0,0,0,0,0,0,0
189,0,3,0,40.0,1,1,0,2,0,1
190,0,3,0,36.0,0,0,0,0,0,0
191,1,2,1,32.0,0,0,0,0,2,0
192,0,2,0,19.0,0,0,0,0,0,0
193,1,3,1,19.0,1,0,0,0,1,1
194,1,2,0,3.0,1,1,0,0,3,1
195,1,1,1,44.0,0,0,0,1,2,0
196,1,1,1,58.0,0,0,1,1,1,1
197,0,3,0,32.0,0,0,0,2,0,0
198,0,3,0,42.0,0,1,0,0,0,1
199,1,3,1,22.0,0,0,0,2,1,0
200,0,2,1,24.0,0,0,0,0,1,0
201,0,3,0,28.0,0,0,0,0,0,0
202,0,3,0,32.0,8,2,1,0,0,1
203,0,3,0,34.0,0,0,0,0,0,0
204,0,3,0,46.0,0,0,0,1,0,0
205,1,3,0,18.0,0,0,0,0,0,0
206,0,3,1,2.0,0,1,0,0,1,1
207,0,3,0,32.0,1,0,0,0,0,1
208,1,3,0,26.0,0,0,0,1,0,1
209,1,3,1,16.0,0,0,0,2,1,0
210,1,1,0,40.0,0,0,0,1,0,0
211,0,3,0,24.0,0,0,0,0,0,0
212,1,2,1,35.0,0,0,0,0,1,0
213,0,3,0,22.0,0,0,0,0,0,0
214,0,2,0,30.0,0,0,0,0,0,0
215,0,3,0,32.0,1,0,0,2,0,1
216,1,1,1,31.0,1,0,1,1,1,1
217,1,3,1,27.0,0,0,0,0,1,0
218,0,2,0,42.0,1,0,0,0,0,1
219,1,1,1,32.0,0,0,1,1,1,0
220,0,2,0,30.0,0,0,0,0,0,0
221,1,3,0,16.0,0,0,0,0,0,0
222,0,2,0,27.0,0,0,0,0,0,0
223,0,3,0,51.0,0,0,0,0,0,0
224,0,3,0,32.0,0,0,0,0,0,0
225,1,1,0,38.0,1,0,1,0,0,1
226,0,3,0,22.0,0,0,0,0,0,0
227,1,2,0,19.0,0,0,0,0,0,0
228,0,3,0,20.0,0,0,0,0,0,0
229,0,2,0,18.0,0,0,0,0,0,0
230,0,3,1,22.0,3,1,0,0,1,1
231,1,1,1,35.0,1,0,1,0,2,1
232,0,3,0,29.0,0,0,0,0,0,0
233,0,2,0,59.0,0,0,0,0,0,0
234,1,3,1,5.0,4,2,0,0,1,1
235,0,2,0,24.0,0,0,0,0,0,0
236,0,3,1,22.0,0,0,0,0,1,0
237,0,2,0,44.0,1,0,0,0,0,1
238,1,2,1,8.0,0,2,0,0,1,1
239,0,2,0,19.0,0,0,0,0,0,0
240,0,2,0,33.0,0,0,0,0,0,0
241,0,3,1,22.0,1,0,0,1,1,1
242,1,3,1,22.0,1,0,0,2,1,1
243,0,2,0,29.0,0,0,0,0,0,0
244,0,3,0,22.0,0,0,0,0,0,0
245,0,3,0,30.0,0,0,0,1,0,0
246,0,1,0,44.0,2,0,1,2,4,1
247,0,3,1,25.0,0,0,0,0,1,0
248,1,2,1,24.0,0,2,0,0,2,1
249,1,1,0,37.0,1,1,1,0,0,1
250,0,2,0,54.0,1,0,0,0,4,1
251,0,3,0,32.0,0,0,0,0,0,0
252,0,3,1,29.0,1,1,0,0,2,1
253,0,1,0,62.0,0,0,0,0,0,0
254,0,3,0,30.0,1,0,0,0,0,1
255,0,3,1,41.0,0,2,0,0,2,1
256,1,3,1,29.0,0,2,0,1,2,1
257,1,1,1,36.0,0,0,1,1,2,0
258,1,1,1,30.0,0,0,1,0,1,1
259,1,1,1,35.0,0,0,1,1,1,1
260,1,2,1,50.0,0,1,0,0,2,1
261,0,3,0,32.0,0,0,0,2,0,0
262,1,3,0,3.0,4,2,0,0,3,1
263,0,1,0,52.0,1,1,1,0,0,1
264,0,1,0,40.0,0,0,0,0,0,0
265,0,3,1,22.0,0,0,0,2,1,0
266,0,2,0,36.0,0,0,0,0,0,0
267,0,3,0,16.0,4,1,0,0,0,1
268,1,3,0,25.0,1,0,0,0,0,1
269,1,1,1,58.0,0,1,1,0,2,1
270,1,1,1,35.0,0,0,1,0,1,1
271,0,1,0,32.0,0,0,0,0,0,1
272,1,3,0,25.0,0,0,0,0,0,1
273,1,2,1,41.0,0,1,0,0,2,1
274,0,1,0,37.0,0,1,0,1,0,1
275,1,3,1,22.0,0,0,0,2,1,0
276,1,1,1,63.0,1,0,1,0,1,1
277,0,3,1,45.0,0,0,0,0,1,0
278,0,2,0,32.0,0,0,0,0,0,1
279,0,3,0,7.0,4,1,0,2,3,1
280,1,3,1,35.0,1,1,0,0,2,1
281,0,3,0,65.0,0,0,0,2,0,0
282,0,3,0,28.0,0,0,0,0,0,0
283,0,3,0,16.0,0,0,0,0,0,0
284,1,3,0,19.0,0,0,0,0,0,0
285,0,1,0,32.0,0,0,0,0,0,0
286,0,3,0,33.0,0,0,0,1,0,0
287,1,3,0,30.0,0,0,0,0,0,0
288,0,3,0,22.0,0,0,0,0,0,0
289,1,2,0,42.0,0,0,0,0,0,0
290,1,3,1,22.0,0,0,0,2,1,0
291,1,1,1,26.0,0,0,1,0,1,1
292,1,1,1,19.0,1,0,1,1,2,1
293,0,2,0,36.0,0,0,0,1,0,0
294,0,3,1,24.0,0,0,0,0,1,0
295,0,3,0,24.0,0,0,0,0,0,0
296,0,1,0,32.0,0,0,0,1,0,0
297,0,3,0,24.0,0,0,0,1,0,0
298,0,1,1,2.0,1,2,1,0,1,1
299,1,1,0,32.0,0,0,0,0,0,0
300,1,1,1,50.0,0,1,1,1,2,1
301,1,3,1,22.0,0,0,0,2,1,0
302,1,3,0,32.0,2,0,0,2,0,1
303,0,3,0,19.0,0,0,0,0,0,1
304,1,2,1,22.0,0,0,0,2,1,0
305,0,3,0,32.0,0,0,0,0,0,0
306,1,1,0,1.0,1,2,1,0,3,1
307,1,1,1,22.0,0,0,1,1,1,1
308,1,1,1,17.0,1,0,1,1,2,1
309,0,2,0,30.0,1,0,0,1,0,1
310,1,1,1,30.0,0,0,1,1,1,1
311,1,1,1,24.0,0,0,1,1,1,1
312,1,1,1,18.0,2,2,1,1,1,1
313,0,2,1,26.0,1,1,0,0,2,1
314,0,3,0,28.0,0,0,0,0,0,0
315,0,2,0,43.0,1,1,0,0,0,1
316,1,3,1,26.0,0,0,0,0,1,0
317,1,2,1,24.0,1,0,0,0,2,1
318,0,2,0,54.0,0,0,0,0,4,0
319,1,1,1,31.0,0,2,1,0,1,1
320,1,1,1,40.0,1,1,1,1,2,1
321,0,3,0,22.0,0,0,0,0,0,0
322,0,3,0,27.0,0,0,0,0,0,0
323,1,2,1,30.0,0,0,0,2,1,0
324,1,2,1,22.0,1,1,0,0,2,1
325,0,3,0,32.0,8,2,1,0,0,1
326,1,1,1,36.0,0,0,1,1,1,1
327,0,3,0,61.0,0,0,0,0,0,0
328,1,2,1,36.0,0,0,0,0,2,0
329,1,3,1,31.0,1,1,0,0,2,1
330,1,1,1,16.0,0,1,1,1,1,1
331,1,3,1,22.0,2,0,0,2,1,1
332,0,1,0,46.0,0,0,0,0,0,0
333,0,1,0,38.0,0,1,1,0,0,1
334,0,3,0,16.0,2,0,0,0,0,1
335,1,1,1,36.0,1,0,1,0,2,1
336,0,3,0,32.0,0,0,0,0,0,0
337,0,1,0,29.0,1,0,1,0,0,1
338,1,1,1,41.0,0,0,1,1,1,1
339,1,3,0,45.0,0,0,0,0,0,0
340,0,1,0,45.0,0,0,0,0,0,0
341,1,2,0,2.0,1,1,0,0,3,1
342,1,1,1,24.0,3,2,1,0,1,1
343,0,2,0,28.0,0,0,0,0,0,0
344,0,2,0,25.0,0,0,0,0,0,0
345,0,2,0,36.0,0,0,0,0,0,0
346,1,2,1,24.0,0,0,0,0,1,0
347,1,2,1,40.0,0,0,0,0,1,0
348,1,3,1,36.0,1,0,0,0,2,1
349,1,3,0,3.0,1,1,0,0,3,1
350,0,3,0,42.0,0,0,0,0,0,0
351,0,3,0,23.0,0,0,0,0,0,0
352,0,1,0,32.0,0,0,0,0,0,0
353,0,3,0,15.0,1,1,0,1,0,1
354,0,3,0,25.0,1,0,0,0,0,1
355,0,3,0,32.0,0,0,0,1,0,0
356,0,3,0,28.0,0,0,0,0,0,0
357,1,1,1,22.0,0,1,1,0,1,1
358,0,2,1,38.0,0,0,0,0,1,0
359,1,3,1,22.0,0,0,0,2,1,0
360,1,3,1,22.0,0,0,0,2,1,0
361,0,3,0,40.0,1,4,0,0,0,1
362,0,2,0,29.0,1,0,0,1,0,1
363,0,3,1,45.0,0,1,0,1,2,1
364,0,3,0,35.0,0,0,0,0,0,0
365,0,3,0,32.0,1,0,0,2,0,1
366,0,3,0,30.0,0,0,0,0,0,0
367,1,1,1,60.0,1,0,1,1,2,1
368,1,3,1,36.0,0,0,0,1,2,0
369,1,3,1,22.0,0,0,0,2,1,0
370,1,1,1,24.0,0,0,1,1,4,1
371,1,1,0,25.0,1,0,1,1,0,1
372,0,3,0,18.0,1,0,0,0,0,1
373,0,3,0,19.0,0,0,0,0,0,0
374,0,1,0,22.0,0,0,1,1,0,1
375,0,3,1,3.0,3,1,0,0,1,1
376,1,1,1,36.0,1,0,1,1,2,1
377,1,3,1,22.0,0,0,0,0,1,0
378,0,1,0,27.0,0,2,1,1,0,1
379,0,3,0,20.0,0,0,0,1,0,0
380,0,3,0,19.0,0,0,0,0,0,0
381,1,1,1,42.0,0,0,1,1,1,1
382,1,3,1,1.0,0,2,0,1,1,1
383,0,3,0,32.0,0,0,0,0,0,0
384,1,1,1,35.0,1,0,1,0,2,1
385,0,3,0,32.0,0,0,0,0,0,0
386,0,2,0,18.0,0,0,1,0,0,1
387,0,3,0,1.0,5,2,0,0,3,1
388,1,2,1,36.0,0,0,0,0,1,0
389,0,3,0,32.0,0,0,0,2,0,0
390,1,2,1,17.0,0,0,0,1,1,0
391,1,1,0,36.0,1,2,1,0,0,1
392,1,3,0,21.0,0,0,0,0,0,0
393,0,3,0,28.0,2,0,0,0,0,1
394,1,1,1,23.0,1,0,1,1,1,1
395,1,3,1,24.0,0,2,0,0,2,1
396,0,3,0,22.0,0,0,0,0,0,0
397,0,3,1,31.0,0,0,0,0,1,0
398,0,2,0,46.0,0,0,0,0,0,1
399,0,2,0,23.0,0,0,0,0,4,0
400,1,2,1,28.0,0,0,0,0,2,0
401,1,3,0,39.0,0,0,0,0,0,0
402,0,3,0,26.0,0,0,0,0,0,0
403,0,3,1,21.0,1,0,0,0,1,1
404,0,3,0,28.0,1,0,0,0,0,1
405,0,3,1,20.0,0,0,0,0,1,0
406,0,2,0,34.0,1,0,0,0,0,1
407,0,3,0,51.0,0,0,0,0,0,0
408,1,2,0,3.0,1,1,0,0,3,1
409,0,3,0,21.0,0,0,0,0,0,0
410,0,3,1,22.0,3,1,0,0,1,1
411,0,3,0,32.0,0,0,0,0,0,0
412,0,3,0,32.0,0,0,0,2,0,0
413,1,1,1,33.0,1,0,1,2,1,1
414,0,2,0,32.0,0,0,0,0,0,1
415,1,3,0,44.0,0,0,0,0,0,0
416,0,3,1,36.0,0,0,0,0,2,0
417,1,2,1,34.0,1,1,0,0,2,1
418,1,2,1,18.0,0,2,0,0,1,1
419,0,2,0,30.0,0,0,0,0,0,0
420,0,3,1,10.0,0,2,0,0,1,1
421,0,3,0,32.0,0,0,0,1,0,0
422,0,3,0,21.0,0,0,0,2,0,0
423,0,3,0,29.0,0,0,0,0,0,0
424,0,3,1,28.0,1,1,0,0,2,1
425,0,3,0,18.0,1,1,0,0,0,1
426,0,3,0,32.0,0,0,0,0,0,0
427,1,2,1,28.0,1,0,0,0,2,1
428,1,2,1,19.0,0,0,0,0,1,1
429,0,3,0,32.0,0,0,0,2,0,0
430,1,3,0,32.0,0,0,0,0,0,0
431,1,1,0,28.0,0,0,0,0,0,0
432,1,3,1,36.0,1,0,0,0,2,1
433,1,2,1,42.0,1,0,0,0,2,1
434,0,3,0,17.0,0,0,0,0,0,0
435,0,1,0,50.0,1,0,1,0,0,1
436,1,1,1,14.0,1,2,1,0,1,1
437,0,3,1,21.0,2,2,0,0,1,1
438,1,2,1,24.0,2,3,0,0,2,1
439,0,1,0,64.0,1,4,1,0,0,1
440,0,2,0,31.0,0,0,0,0,0,0
441,1,2,1,45.0,1,1,0,0,2,1
442,0,3,0,20.0,0,0,0,0,0,0
443,0,3,0,25.0,1,0,0,0,0,1
444,1,2,1,28.0,0,0,0,0,4,0
445,1,3,0,32.0,0,0,0,0,0,0
446,1,1,0,4.0,0,2,1,0,3,1
447,1,2,1,13.0,0,1,0,0,1,1
448,1,1,0,34.0,0,0,0,0,0,0
449,1,3,1,5.0,2,1,0,1,1,1
450,1,1,0,52.0,0,0,0,0,4,0
451,0,2,0,36.0,1,2,0,0,0,1
452,0,3,0,32.0,1,0,0,0,0,1
453,0,1,0,30.0,0,0,0,1,0,0
454,1,1,0,49.0,1,0,1,1,0,1
455,0,3,0,32.0,0,0,0,0,0,0
456,1,3,0,29.0,0,0,0,1,0,0
457,0,1,0,65.0,0,0,0,0,0,0
458,1,1,1,36.0,1,0,1,0,2,1
459,1,2,1,50.0,0,0,0,0,1,0
460,0,3,0,32.0,0,0,0,2,0,0
461,1,1,0,48.0,0,0,0,0,0,0
462,0,3,0,34.0,0,0,0,0,0,0
463,0,1,0,47.0,0,0,0,0,0,0
464,0,2,0,48.0,0,0,0,0,0,0
465,0,3,0,32.0,0,0,0,0,0,0
466,0,3,0,38.0,0,0,0,0,0,0
467,0,2,0,32.0,0,0,0,0,0,1
468,0,1,0,56.0,0,0,0,0,0,0
469,0,3,0,32.0,0,0,0,2,0,0
470,1,3,1,1.0,2,1,0,1,1,1
471,0,3,0,32.0,0,0,0,0,0,0
472,0,3,0,38.0,0,0,0,0,0,0
473,1,2,1,33.0,1,2,0,0,2,1
474,1,2,1,23.0,0,0,0,1,2,0
475,0,3,1,22.0,0,0,0,0,1,0
476,0,1,0,32.0,0,0,1,0,0,1
477,0,2,0,34.0,1,0,0,0,0,1
478,0,3,0,29.0,1,0,0,0,0,1
479,0,3,0,22.0,0,0,0,0,0,0
480,1,3,1,2.0,0,1,0,0,1,1
481,0,3,0,9.0,5,2,0,0,3,1
482,0,2,0,32.0,0,0,0,0,0,0
483,0,3,0,50.0,0,0,0,0,0,0
484,1,3,1,63.0,0,0,0,0,2,0
485,1,1,0,25.0,1,0,1,1,0,1
486,0,3,1,22.0,3,1,0,0,1,1
487,1,1,1,35.0,1,0,1,0,2,1
488,0,1,0,58.0,0,0,0,1,0,0
489,0,3,0,30.0,0,0,0,0,0,0
490,1,3,0,9.0,1,1,0,0,3,1
491,0,3,0,32.0,1,0,0,0,0,1
492,0,3,0,21.0,0,0,0,0,0,0
493,0,1,0,55.0,0,0,0,0,0,0
494,0,1,0,71.0,0,0,1,1,0,0
495,0,3,0,21.0,0,0,0,0,0,0
496,0,3,0,32.0,0,0,0,1,0,1
497,1,1,1,54.0,1,0,1,1,1,1
498,0,3,0,32.0,0,0,0,0,0,0
499,0,1,1,25.0,1,2,1,0,2,1
500,0,3,0,24.0,0,0,0,0,0,0
501,0,3,0,17.0,0,0,0,0,0,0
502,0,3,1,21.0,0,0,0,2,1,0
503,0,3,1,22.0,0,0,0,2,1,0
504,0,3,1,37.0,0,0,0,0,1,0
505,1,1,1,16.0,0,0,1,0,1,1
506,0,1,0,18.0,1,0,1,1,0,1
507,1,2,1,33.0,0,2,0,0,2,1
508,1,1,0,32.0,0,0,0,0,0,0
509,0,3,0,28.0,0,0,0,0,0,0
510,1,3,0,26.0,0,0,1,0,0,1
511,1,3,0,29.0,0,0,0,2,0,0
512,0,3,0,32.0,0,0,0,0,0,0
513,1,1,0,36.0,0,0,0,0,0,0
514,1,1,1,54.0,1,0,1,1,2,1
515,0,3,0,24.0,0,0,0,0,0,0
516,0,1,0,47.0,0,0,0,0,0,0
517,1,2,1,34.0,0,0,0,0,2,0
518,0,3,0,32.0,0,0,0,2,0,1
519,1,2,1,36.0,1,0,0,0,2,1
520,0,3,0,32.0,0,0,0,0,0,0
521,1,1,1,30.0,0,0,1,0,1,1
522,0,3,0,22.0,0,0,0,0,0,0
523,0,3,0,32.0,0,0,0,1,0,0
524,1,1,1,44.0,0,1,1,1,2,1
525,0,3,0,32.0,0,0,0,1,0,0
526,0,3,0,40.0,0,0,0,2,0,0
527,1,2,1,50.0,0,0,0,0,1,0
528,0,1,0,32.0,0,0,1,0,0,0
529,0,3,0,39.0,0,0,0,0,0,0
530,0,2,0,23.0,2,1,0,0,0,1
531,1,2,1,2.0,1,1,0,0,1,1
532,0,3,0,32.0,0,0,0,1,0,0
533,0,3,0,17.0,1,1,0,1,0,1
534,1,3,1,36.0,0,2,0,1,2,1
535,0,3,1,30.0,0,0,0,0,1,0
536,1,2,1,7.0,0,2,0,0,1,1
537,0,1,0,45.0,0,0,0,0,4,0
538,1,1,1,30.0,0,0,1,1,1,1
539,0,3,0,32.0,0,0,0,0,0,0
540,1,1,1,22.0,0,2,1,1,1,1
541,1,1,1,36.0,0,2,1,0,1,1
542,0,3,1,9.0,4,2,0,0,1,1
543,0,3,1,11.0,4,2,0,0,1,1
544,1,2,0,32.0,1,0,0,0,0,1
545,0,1,0,50.0,1,0,1,1,0,1
546,0,1,0,64.0,0,0,0,0,0,0
547,1,2,1,19.0,1,0,0,0,2,1
548,1,2,0,32.0,0,0,0,1,0,0
549,0,3,0,33.0,1,1,0,0,0,1
550,1,2,0,8.0,1,1,0,0,3,1
551,1,1,0,17.0,0,2,1,1,0,1
552,0,2,0,27.0,0,0,0,0,0,0
553,0,3,0,32.0,0,0,0,2,0,0
554,1,3,0,22.0,0,0,0,1,0,0
555,1,3,1,22.0,0,0,0,0,1,0
556,0,1,0,62.0,0,0,0,0,0,0
557,1,1,1,48.0,1,0,0,1,4,1
558,0,1,0,32.0,0,0,1,1,0,1
559,1,1,1,39.0,1,1,1,0,2,1
560,1,3,1,36.0,1,0,0,0,2,1
561,0,3,0,32.0,0,0,0,2,0,0
562,0,3,0,40.0,0,0,0,0,0,0
563,0,2,0,28.0,0,0,0,0,0,0
564,0,3,0,32.0,0,0,0,0,0,0
565,0,3,1,22.0,0,0,0,0,1,0
566,0,3,0,24.0,2,0,0,0,0,1
567,0,3,0,19.0,0,0,0,0,0,0
568,0,3,1,29.0,0,4,0,0,2,1
569,0,3,0,32.0,0,0,0,1,0,0
570,1,3,0,32.0,0,0,0,0,0,0
571,1,2,0,62.0,0,0,0,0,0,0
572,1,1,1,53.0,2,0,1,0,2,1
573,1,1,0,36.0,0,0,0,0,0,0
574,1,3,1,22.0,0,0,0,2,1,0
575,0,3,0,16.0,0,0,0,0,0,0
576,0,3,0,19.0,0,0,0,0,0,1
577,1,2,1,34.0,0,0,0,0,1,0
578,1,1,1,39.0,1,0,1,0,2,1
579,0,3,1,36.0,1,0,0,1,2,1
580,1,3,0,32.0,0,0,0,0,0,0
581,1,2,1,25.0,1,1,0,0,1,1
582,1,1,1,39.0,1,1,1,1,2,1
583,0,2,0,54.0,0,0,0,0,0,1
584,0,1,0,36.0,0,0,0,1,0,0
585,0,3,0,32.0,0,0,0,1,0,0
586,1,1,1,18.0,0,2,1,0,1,1
587,0,2,0,47.0,0,0,0,0,0,0
588,1,1,0,60.0,1,1,1,1,0,1
589,0,3,0,22.0,0,0,0,0,0,0
590,0,3,0,32.0,0,0,0,0,0,0
591,0,3,0,35.0,0,0,0,0,0,0
592,1,1,1,52.0,1,0,1,1,2,1
593,0,3,0,47.0,0,0,0,0,0,0
594,0,3,1,22.0,0,2,0,2,1,1
595,0,2,0,37.0,1,0,0,0,0,1
596,0,3,0,36.0,1,1,0,0,0,1
597,1,2,1,22.0,0,0,0,0,1,1
598,0,3,0,49.0,0,0,0,0,0,1
599,0,3,0,32.0,0,0,0,1,0,0
600,1,1,0,49.0,1,0,1,1,4,1
601,1,2,1,24.0,2,1,0,0,2,1
602,0,3,0,32.0,0,0,0,0,0,0
603,0,1,0,32.0,0,0,0,0,0,0
604,0,3,0,44.0,0,0,0,0,0,0
605,1,1,0,35.0,0,0,0,1,0,0
606,0,3,0,36.0,1,0,0,0,0,1
607,0,3,0,30.0,0,0,0,0,0,0
608,1,1,0,27.0,0,0,0,0,0,0
609,1,2,1,22.0,1,2,0,1,2,1
610,1,1,1,40.0,0,0,1,0,1,1
611,0,3,1,39.0,1,5,0,0,2,1
612,0,3,0,32.0,0,0,0,0,0,0
613,1,3,1,22.0,1,0,0,2,1,1
614,0,3,0,32.0,0,0,0,2,0,0
615,0,3,0,35.0,0,0,0,0,0,0
616,1,2,1,24.0,1,2,1,0,1,1
617,0,3,0,34.0,1,1,0,0,0,1
618,0,3,1,26.0,1,0,0,0,2,1
619,1,2,1,4.0,2,1,0,0,1,1
620,0,2,0,26.0,0,0,0,0,0,0
621,0,3,0,27.0,1,0,0,1,0,1
622,1,1,0,42.0,1,0,1,0,0,1
623,1,3,0,20.0,1,1,0,1,0,1
624,0,3,0,21.0,0,0,0,0,0,0
625,0,3,0,21.0,0,0,0,0,0,1
626,0,1,0,61.0,0,0,0,0,0,0
627,0,2,0,57.0,0,0,0,2,4,0
628,1,1,1,21.0,0,0,1,0,1,1
629,0,3,0,26.0,0,0,0,0,0,0
630,0,3,0,32.0,0,0,0,2,0,0
631,1,1,0,80.0,0,0,0,0,0,0
632,0,3,0,51.0,0,0,0,0,0,0
633,1,1,0,32.0,0,0,0,1,4,0
634,0,1,0,32.0,0,0,0,0,0,0
635,0,3,1,9.0,3,2,0,0,1,1
636,1,2,1,28.0,0,0,0,0,1,0
637,0,3,0,32.0,0,0,0,0,0,0
638,0,2,0,31.0,1,1,0,0,0,1
639,0,3,1,41.0,0,5,0,0,2,1
640,0,3,0,32.0,1,0,0,0,0,1
641,0,3,0,20.0,0,0,0,0,0,0
642,1,1,1,24.0,0,0,1,1,4,1
643,0,3,1,2.0,3,2,0,0,1,1
644,1,3,0,32.0,0,0,1,0,0,1
645,1,3,1,1.0,2,1,0,1,1,1
646,1,1,0,48.0,1,0,1,1,0,1
647,0,3,0,19.0,0,0,0,0,0,0
648,1,1,0,56.0,0,0,0,1,4,0
649,0,3,0,32.0,0,0,0,0,0,0
650,1,3,1,23.0,0,0,0,0,1,0
651,0,3,0,32.0,0,0,0,0,0,0
652,1,2,1,18.0,0,1,0,0,1,1
653,0,3,0,21.0,0,0,0,0,0,0
654,1,3,1,22.0,0,0,0,2,1,0
655,0,3,1,18.0,0,0,0,2,1,0
656,0,2,0,24.0,2,0,1,0,0,1
657,0,3,0,32.0,0,0,0,0,0,0
658,0,3,1,32.0,1,1,0,2,2,1
659,0,2,0,23.0,0,0,0,0,0,0
660,0,1,0,58.0,0,2,1,1,0,1
661,1,1,0,50.0,2,0,1,0,4,1
662,0,3,0,40.0,0,0,0,1,0,0
663,0,1,0,47.0,0,0,0,0,0,0
664,0,3,0,36.0,0,0,0,0,0,0
665,1,3,0,20.0,1,0,0,0,0,1
666,0,2,0,32.0,2,0,1,0,0,1
667,0,2,0,25.0,0,0,0,0,0,0
668,0,3,0,32.0,0,0,0,0,0,0
669,0,3,0,43.0,0,0,0,0,0,0
670,1,1,1,36.0,1,0,1,0,2,1
671,1,2,1,40.0,1,1,0,0,2,1
672,0,1,0,31.0,1,0,1,0,0,1
673,0,2,0,70.0,0,0,0,0,0,0
674,1,2,0,31.0,0,0,0,0,0,0
675,0,2,0,32.0,0,0,0,0,0,0
676,0,3,0,18.0,0,0,0,0,0,0
677,0,3,0,24.0,0,0,0,0,0,0
678,1,3,1,18.0,0,0,0,0,1,0
679,0,3,1,43.0,1,6,0,0,2,1
680,1,1,0,36.0,0,1,1,1,0,1
681,0,3,1,22.0,0,0,0,2,1,0
682,1,1,0,27.0,0,0,1,1,0,1
683,0,3,0,20.0,0,0,0,0,0,0
684,0,3,0,14.0,5,2,0,0,0,1
685,0,2,0,60.0,1,1,0,0,0,1
686,0,2,0,25.0,1,2,0,1,0,1
687,0,3,0,14.0,4,1,0,0,0,1
688,0,3,0,19.0,0,0,0,0,0,0
689,0,3,0,18.0,0,0,0,0,0,0
690,1,1,1,15.0,0,1,1,0,1,1
691,1,1,0,31.0,1,0,1,0,0,1
692,1,3,1,4.0,0,1,0,1,1,1
693,1,3,0,32.0,0,0,1,0,0,1
694,0,3,0,25.0,0,0,0,1,0,0
695,0,1,0,60.0,0,0,0,0,4,0
696,0,2,0,52.0,0,0,0,0,0,0
697,0,3,0,44.0,0,0,0,0,0,0
698,1,3,1,22.0,0,0,0,2,1,0
699,0,1,0,49.0,1,1,1,1,0,1
700,0,3,0,42.0,0,0,0,0,0,0
701,1,1,1,18.0,1,0,1,1,2,1
702,1,1,0,35.0,0,0,0,0,0,0
703,0,3,1,18.0,0,1,0,1,1,1
704,0,3,0,25.0,0,0,0,2,0,0
705,0,3,0,26.0,1,0,0,0,0,1
706,0,2,0,39.0,0,0,0,0,0,1
707,1,2,1,45.0,0,0,0,0,2,0
708,1,1,0,42.0,0,0,0,0,0,0
709,1,1,1,22.0,0,0,1,0,1,1
710,1,3,0,5.0,1,1,0,1,3,1
711,1,1,1,24.0,0,0,1,1,4,0
712,0,1,0,32.0,0,0,0,0,0,0
713,1,1,0,48.0,1,0,1,0,0,1
714,0,3,0,29.0,0,0,0,0,0,0
715,0,2,0,52.0,0,0,0,0,0,1
716,0,3,0,19.0,0,0,0,0,0,0
717,1,1,1,38.0,0,0,1,1,1,1
718,1,2,1,27.0,0,0,0,0,1,0
719,0,3,0,32.0,0,0,0,2,0,0
720,0,3,0,33.0,0,0,0,0,0,0
721,1,2,1,6.0,0,1,0,0,1,1
722,0,3,0,17.0,1,0,0,0,0,1
723,0,2,0,34.0,0,0,0,0,0,0
724,0,2,0,50.0,0,0,0,0,0,0
725,1,1,0,27.0,1,0,1,0,0,1
726,0,3,0,20.0,0,0,0,0,0,0
727,1,2,1,30.0,3,0,0,0,2,1
728,1,3,1,22.0,0,0,0,2,1,0
729,0,2,0,25.0,1,0,0,0,0,1
730,0,3,1,25.0,1,0,0,0,1,1
731,1,1,1,29.0,0,0,1,0,1,1
732,0,3,0,11.0,0,0,0,1,0,1
733,0,2,0,32.0,0,0,0,0,0,0
734,0,2,0,23.0,0,0,0,0,0,0
735,0,2,0,23.0,0,0,0,0,0,0
736,0,3,0,28.0,0,0,0,0,0,1
737,0,3,1,48.0,1,3,0,0,2,1
738,1,1,0,35.0,0,0,1,1,0,1
739,0,3,0,32.0,0,0,0,0,0,0
740,0,3,0,32.0,0,0,0,0,0,0
741,1,1,0,32.0,0,0,0,0,0,0
742,0,1,0,36.0,1,0,1,0,0,1
743,1,1,1,21.0,2,2,1,1,1,1
744,0,3,0,24.0,1,0,0,0,0,1
745,1,3,0,31.0,0,0,0,0,0,0
746,0,1,0,70.0,1,1,1,0,4,1
747,0,3,0,16.0,1,1,0,0,0,1
748,1,2,1,30.0,0,0,0,0,1,0
749,0,1,0,19.0,1,0,1,0,0,1
750,0,3,0,31.0,0,0,0,2,0,0
751,1,2,1,4.0,1,1,0,0,1,1
752,1,3,0,6.0,0,1,0,0,3,1
753,0,3,0,33.0,0,0,0,0,0,0
754,0,3,0,23.0,0,0,0,0,0,0
755,1,2,1,48.0,1,2,1,0,2,1
756,1,2,0,1.0,1,1,0,0,3,1
757,0,3,0,28.0,0,0,0,0,0,0
758,0,2,0,18.0,0,0,0,0,0,0
759,0,3,0,34.0,0,0,0,0,0,0
760,1,1,1,33.0,0,0,1,0,4,1
761,0,3,0,32.0,0,0,0,0,0,1
762,0,3,0,41.0,0,0,0,0,0,0
763,1,3,0,20.0,0,0,0,1,0,0
764,1,1,1,36.0,1,2,1,0,2,1
765,0,3,0,16.0,0,0,0,0,0,0
766,1,1,1,51.0,1,0,1,0,2,1
767,0,1,0,42.0,0,0,0,1,4,0
768,0,3,1,30.0,0,0,0,2,1,0
769,0,3,0,32.0,1,0,0,2,0,1
770,0,3,0,32.0,0,0,0,0,0,0
771,0,3,0,24.0,0,0,0,0,0,0
772,0,3,0,48.0,0,0,0,0,0,0
773,0,2,1,57.0,0,0,0,0,2,1
774,0,3,0,32.0,0,0,0,1,0,0
775,1,2,1,54.0,1,3,0,0,2,1
776,0,3,0,18.0,0,0,0,0,0,0
777,0,3,0,32.0,0,0,0,2,0,0
778,1,3,1,5.0,0,0,0,0,1,1
779,0,3,0,32.0,0,0,0,2,0,0
780,1,1,1,43.0,0,1,1,0,2,1
781,1,3,1,13.0,0,0,0,1,1,0
782,1,1,1,17.0,1,0,1,0,2,1
783,0,1,0,29.0,0,0,0,0,0,0
784,0,3,0,32.0,1,2,0,0,0,1
785,0,3,0,25.0,0,0,0,0,0,0
786,0,3,0,25.0,0,0,0,0,0,0
787,1,3,1,18.0,0,0,0,0,1,0
788,0,3,0,8.0,4,1,0,2,3,1
789,1,3,0,1.0,1,2,0,0,3,1
790,0,1,0,46.0,0,0,1,1,0,1
791,0,3,0,32.0,0,0,0,2,0,0
792,0,2,0,16.0,0,0,0,0,0,1
793,0,3,1,22.0,8,2,1,0,1,1
794,0,1,0,32.0,0,0,0,1,0,0
795,0,3,0,25.0,0,0,0,0,0,0
796,0,2,0,39.0,0,0,0,0,0,0
797,1,1,1,49.0,0,0,0,0,4,0
798,1,3,1,31.0,0,0,0,0,2,0
799,0,3,0,30.0,0,0,0,1,0,0
800,0,3,1,30.0,1,1,0,0,2,1
801,0,2,0,34.0,0,0,0,0,0,1
802,1,2,1,31.0,1,1,0,0,2,1
803,1,1,0,11.0,1,2,1,0,3,1
804,1,3,0,0.0,0,1,0,1,3,1
805,1,3,0,27.0,0,0,0,0,0,0
806,0,3,0,31.0,0,0,0,0,0,0
807,0,1,0,39.0,0,0,0,0,0,0
808,0,3,1,18.0,0,0,0,0,1,0
809,0,2,0,39.0,0,0,0,0,0,0
810,1,1,1,33.0,1,0,1,0,2,1
811,0,3,0,26.0,0,0,0,0,0,0
812,0,3,0,39.0,0,0,0,0,0,1
813,0,2,0,35.0,0,0,0,0,0,0
814,0,3,1,6.0,4,2,0,0,1,1
815,0,3,0,30.0,0,0,0,0,0,0
816,0,1,0,32.0,0,0,0,0,0,0
817,0,3,1,23.0,0,0,0,0,1,0
818,0,2,0,31.0,1,1,0,1,0,1
819,0,3,0,43.0,0,0,0,0,0,0
820,0,3,0,10.0,3,2,0,0,3,1
821,1,1,1,52.0,1,1,1,0,2,1
822,1,3,0,27.0,0,0,0,0,0,0
823,0,1,0,38.0,0,0,0,0,4,0
824,1,3,1,27.0,0,1,0,0,2,1
825,0,3,0,2.0,4,1,0,0,3,1
826,0,3,0,32.0,0,0,0,2,0,0
827,0,3,0,32.0,0,0,1,0,0,1
828,1,2,0,1.0,0,2,0,1,3,1
829,1,3,0,32.0,0,0,0,2,0,0
831,1,3,1,15.0,1,0,0,1,2,1
832,1,2,0,1.0,1,1,0,0,3,1
833,0,3,0,32.0,0,0,0,1,0,0
834,0,3,0,23.0,0,0,0,0,0,0
835,0,3,0,18.0,0,0,0,0,0,0
836,1,1,1,39.0,1,1,1,1,1,1
837,0,3,0,21.0,0,0,0,0,0,0
838,0,3,0,32.0,0,0,0,0,0,0
839,1,3,0,32.0,0,0,1,0,0,1
840,1,1,0,32.0,0,0,0,1,0,0
841,0,3,0,20.0,0,0,0,0,0,0
842,0,2,0,16.0,0,0,0,0,0,1
843,1,1,1,30.0,0,0,0,1,1,1
844,0,3,0,34.0,0,0,0,1,0,0
845,0,3,0,17.0,0,0,0,0,0,0
846,0,3,0,42.0,0,0,0,0,0,0
847,0,3,0,32.0,8,2,1,0,0,1
848,0,3,0,35.0,0,0,0,1,0,0
849,0,2,0,28.0,0,1,0,0,4,1
850,1,1,1,36.0,1,0,1,1,2,1
851,0,3,0,4.0,4,2,0,0,3,1
852,0,3,0,74.0,0,0,0,0,0,0
853,0,3,1,9.0,1,1,0,1,1,1
854,1,1,1,16.0,0,1,0,0,1,1
855,0,2,1,44.0,1,0,0,0,2,1
856,1,3,1,18.0,0,1,0,0,2,1
857,1,1,1,45.0,1,1,1,0,2,1
858,1,1,0,51.0,0,0,0,0,0,0
859,1,3,1,24.0,0,3,0,1,2,1
860,0,3,0,32.0,0,0,0,1,0,0
861,0,3,0,41.0,2,0,0,0,0,1
862,0,2,0,21.0,1,0,0,0,0,1
863,1,1,1,48.0,0,0,0,0,2,0
864,0,3,1,22.0,8,2,1,0,1,1
865,0,2,0,24.0,0,0,0,0,0,0
866,1,2,1,42.0,0,0,0,0,2,0
867,1,2,1,27.0,1,0,0,1,1,1
868,0,1,0,31.0,0,0,1,0,0,0
869,0,3,0,32.0,0,0,0,0,0,0
870,1,3,0,4.0,1,1,0,0,3,1
871,0,3,0,26.0,0,0,0,0,0,0
872,1,1,1,47.0,1,1,1,0,2,1
873,0,1,0,33.0,0,0,0,0,0,0
874,0,3,0,47.0,0,0,0,0,0,0
875,1,2,1,28.0,1,0,0,1,2,1
876,1,3,1,15.0,0,0,0,1,1,0
877,0,3,0,20.0,0,0,0,0,0,1
878,0,3,0,19.0,0,0,0,0,0,0
879,0,3,0,32.0,0,0,0,0,0,0
880,1,1,1,56.0,0,1,1,1,2,1
881,1,2,1,25.0,0,1,0,0,2,1
882,0,3,0,33.0,0,0,0,0,0,0
883,0,3,1,22.0,0,0,0,0,1,0
884,0,2,0,28.0,0,0,0,0,0,0
885,0,3,0,25.0,0,0,0,0,0,0
886,0,3,1,39.0,0,5,0,2,2,1
887,0,2,0,27.0,0,0,0,0,4,0
888,1,1,1,19.0,0,0,0,0,1,0
889,0,3,1,22.0,1,2,0,0,1,1
890,1,1,0,26.0,0,0,0,1,0,0
891,0,3,0,32.0,0,0,0,2,0,0
